labeler,product_id,manufacturer_barcode_visible,manufacturer_barcode_readable,fnsku_visible,fnsku_value,polybag_present,polybag_sealed,suffocation_warning_visible,expiry_visible,expiry_readable,handling_mark_visible,photo_quality_sufficient,notes
Vinay,PRODUCT-1,YES,YES,NO,NOT_APPLICABLE,NO,NOT_APPLICABLE,NO,YES,YES,NO,YES,Cintu Euro Pop sugar boiled confectionery tub. Barcode 8906071886920. Use by AUG 26; MFD SEP 25; batch MCEP2309. Cool and dry is storage text, not a handling mark. No back photo.
Vinay,PRODUCT-2,YES,YES,NO,NOT_APPLICABLE,NO,NOT_APPLICABLE,NO,NO,NOT_APPLICABLE,NO,YES,Kangaro No.10-1M staples box. Barcode 8901057510028. MFD 04/2025 only; caution sharp points is not a handling mark.
Vinay,PRODUCT-3,YES,YES,NO,NOT_APPLICABLE,NO,NOT_APPLICABLE,NO,YES,NO,NO,YES,Mysore sandal/jasmine/rose luxury bath soap box. Barcode 8901287100815. June 2026 is the manufacture date only (# = MFD). Customer expiry is the printed rule best before 3 years from MFD, not June 2026.
Vinay,PRODUCT-4,YES,YES,NO,NOT_APPLICABLE,NO,NOT_APPLICABLE,NO,NO,NOT_APPLICABLE,NO,YES,Airtel 5G Outdoor CPE carton. Readable codes include Ethernet MAC 30BD13B2EA06 and IMEI 351319166026046. Manufactured September 2025. Back face is blank cardboard.
Vinay,PRODUCT-5,YES,YES,NO,NOT_APPLICABLE,NO,NOT_APPLICABLE,NO,NO,NOT_APPLICABLE,NO,YES,Cello Gold Crust insulated hot pot 2500 carton. Barcode 8901372241614. Packed on AUG-2025; no expiry.
Vinay,PRODUCT-6,NO,NOT_APPLICABLE,NO,NOT_APPLICABLE,NO,NOT_APPLICABLE,NO,NO,NOT_APPLICABLE,NO,YES,Airtel Xstream TV set-top box carton. Label text is readable and shows no barcode expiry or handling symbol.
Vinay,PRODUCT-7,YES,YES,NO,NOT_APPLICABLE,NO,NOT_APPLICABLE,NO,NO,NOT_APPLICABLE,NO,YES,Oxford English Mini Dictionary Indian Edition. ISBN barcode 9780195692587. No expiry or bag.
Vinay,PRODUCT-8,YES,YES,NO,NOT_APPLICABLE,NO,NOT_APPLICABLE,NO,NO,NOT_APPLICABLE,NO,YES,boAt Airdopes 141 box. Printed barcode 8904130887093 and code 1000000241. Manufactured January 2025. No Amazon FNSKU.
Vinay,PRODUCT-9,YES,YES,NO,NOT_APPLICABLE,NO,NOT_APPLICABLE,NO,NO,NOT_APPLICABLE,NO,YES,Fire-Boltt Legend Bluetooth calling smartwatch box. Barcode 8906119246334. Manufactured March 2024.
Vinay,PRODUCT-10,YES,YES,NO,NOT_APPLICABLE,NO,NOT_APPLICABLE,NO,NO,NOT_APPLICABLE,NO,YES,Calligraphy 4-nib set in a window carton. Barcode 6938750036229. Clear window is part of the carton not a polybag. Made in China.
Vinay,PRODUCT-11,YES,YES,NO,NOT_APPLICABLE,NO,NOT_APPLICABLE,NO,NO,NOT_APPLICABLE,NO,YES,Camel student poster colours 12 shades tin. Barcode 8901425000434. PKD 08/2019 is a pack date not an expiry. Age warning is not a handling mark.
Vinay,PRODUCT-12,YES,YES,NO,NOT_APPLICABLE,NO,NOT_APPLICABLE,NO,NO,NOT_APPLICABLE,NO,YES,Diprobate-G Plus cream 30g carton. Barcode 8901296045435. Storage line is temperature, light, and moisture. That is not a handling mark. No expiry date in these shots.
Vinay,PRODUCT-13,YES,YES,NO,NOT_APPLICABLE,NO,NOT_APPLICABLE,NO,YES,YES,NO,YES,Leeford Gabany-M gabapentin and methylcobalamin tablets. Barcode 8904250627722. Expiry 09/2027; MFD 10/2025; batch GBL501J. Cool dry and dark is storage text, not a handling mark.
Vinay,PRODUCT-14,YES,YES,NO,NOT_APPLICABLE,NO,NOT_APPLICABLE,NO,NO,NOT_APPLICABLE,NO,YES,Yash Toys magnetic chess box. Barcode 8904326203256. Date of mfg Jan 2025. Age warning only.
Vinay,PRODUCT-15,YES,YES,NO,NOT_APPLICABLE,NO,NOT_APPLICABLE,NO,NO,NOT_APPLICABLE,NO,YES,Prestige Nutri-Mix 2.0 mixer grinder carton. Barcode 8901365431503. Manufactured January 2025. No cool-and-dry line and no handling mark. Carton tape is not a polybag.
